name,output,flag,username,timestamp
Daniel,"Hello, Daniel !",,,2023-03-04 12:13:16.628549
Daniel,"Hello, Daniel !",,,2023-03-04 12:13:21.317893
,,,,2023-03-04 12:13:26.535955
/Users/danielho/git/ai_study/chatai/flagged/audio/tmplitlaxlf.wav,"user: Hello, how are you today?

assistant: Hello! As an AI language model, I do not have emotions or feelings, but I'm programmed to assist you with any concerns or issues you may have. How can I assist you today?

user: Hello, how are you today?

assistant: As an AI language model, I don't have feelings, but I'm here to assist you. How can I help you today?

",,,2023-03-05 14:44:09.120753
